,image,rater,label
125,s3://allattrimages/112.jpg,A391MABC8UZRRH,7
123,s3://allattrimages/112.jpg,A1TGZ063G5UKEC,3
124,s3://allattrimages/112.jpg,A3CJVRJ34U70Y9,10
68,s3://allattrimages/122.jpg,A1TGZ063G5UKEC,3
67,s3://allattrimages/122.jpg,A9WGDBDXUNLOD,7
66,s3://allattrimages/122.jpg,A3R18RWCR7Q78Z,1
269,s3://allattrimages/130.jpg,A3HEU0K9QDTEYI,8
268,s3://allattrimages/130.jpg,A1DRKZ3SCLAS4V,9
267,s3://allattrimages/130.jpg,A3EJIP9UJIZQ9N,7
185,s3://allattrimages/14.jpg,A391MABC8UZRRH,6
184,s3://allattrimages/14.jpg,A1TGZ063G5UKEC,7
183,s3://allattrimages/14.jpg,A3EJIP9UJIZQ9N,7
178,s3://allattrimages/15.jpg,A1EGJBJBFBZJBA,8
179,s3://allattrimages/15.jpg,A391MABC8UZRRH,6
177,s3://allattrimages/15.jpg,A3CJVRJ34U70Y9,10
10,s3://allattrimages/42.jpg,A3V9HAMB3TMANV,7
9,s3://allattrimages/42.jpg,A2CQP20O9KH1TZ,6
11,s3://allattrimages/42.jpg,A3DTLM6EVD4EVV,8
244,s3://allattrimages/56.jpg,A391MABC8UZRRH,7
245,s3://allattrimages/56.jpg,A1FKSSZILMRAE8,8
243,s3://allattrimages/56.jpg,A3EJIP9UJIZQ9N,9
102,s3://allattrimages/andreea-pop-bTVliFTsdHI-unsplash.jpg,A3EJIP9UJIZQ9N,7
104,s3://allattrimages/andreea-pop-bTVliFTsdHI-unsplash.jpg,A2CQP20O9KH1TZ,3
103,s3://allattrimages/andreea-pop-bTVliFTsdHI-unsplash.jpg,A3R18RWCR7Q78Z,1
136,s3://allattrimages/andriyko-podilnyk-KyQxMKaPTM0-unsplash.jpg,A1TGZ063G5UKEC,7
135,s3://allattrimages/andriyko-podilnyk-KyQxMKaPTM0-unsplash.jpg,A391MABC8UZRRH,8
137,s3://allattrimages/andriyko-podilnyk-KyQxMKaPTM0-unsplash.jpg,A1Z8TF04ZG3VRE,7
165,s3://allattrimages/anthony-tran-6s3L8El33QE-unsplash.jpg,A3EJIP9UJIZQ9N,6
166,s3://allattrimages/anthony-tran-6s3L8El33QE-unsplash.jpg,A9WGDBDXUNLOD,9
167,s3://allattrimages/anthony-tran-6s3L8El33QE-unsplash.jpg,A3CJVRJ34U70Y9,8
207,s3://allattrimages/ashkan-forouzani-rHuReQyQ72c-unsplash.jpg,A3DTLM6EVD4EVV,8
209,s3://allattrimages/ashkan-forouzani-rHuReQyQ72c-unsplash.jpg,A391MABC8UZRRH,7
208,s3://allattrimages/ashkan-forouzani-rHuReQyQ72c-unsplash.jpg,A3V9HAMB3TMANV,5
27,s3://allattrimages/asian-2302727_1920.jpg,A3DTLM6EVD4EVV,9
28,s3://allattrimages/asian-2302727_1920.jpg,A3EJIP9UJIZQ9N,6
29,s3://allattrimages/asian-2302727_1920.jpg,A2CQP20O9KH1TZ,6
180,s3://allattrimages/austin-distel-7bMdiIqz_J4-unsplash.jpg,A3DTLM6EVD4EVV,8
182,s3://allattrimages/austin-distel-7bMdiIqz_J4-unsplash.jpg,A391MABC8UZRRH,7
181,s3://allattrimages/austin-distel-7bMdiIqz_J4-unsplash.jpg,A9WGDBDXUNLOD,8
249,s3://allattrimages/beard-1845166_1920.jpg,A391MABC8UZRRH,9
251,s3://allattrimages/beard-1845166_1920.jpg,A2WZNLI23LGXBC,4
250,s3://allattrimages/beard-1845166_1920.jpg,A3CJVRJ34U70Y9,10
159,s3://allattrimages/beautiful-1867431_1920.jpg,A1EGJBJBFBZJBA,5
161,s3://allattrimages/beautiful-1867431_1920.jpg,A391MABC8UZRRH,6
160,s3://allattrimages/beautiful-1867431_1920.jpg,A3EJIP9UJIZQ9N,6
206,s3://allattrimages/beauty-4175607_1920.jpg,A391MABC8UZRRH,7
205,s3://allattrimages/beauty-4175607_1920.jpg,A3FPQGM967TJER,8
204,s3://allattrimages/beauty-4175607_1920.jpg,A2XD5QTL6H2LIY,6
77,s3://allattrimages/black-professional-4334648_1920.jpg,A3R18RWCR7Q78Z,1
76,s3://allattrimages/black-professional-4334648_1920.jpg,A2XD5QTL6H2LIY,5
75,s3://allattrimages/black-professional-4334648_1920.jpg,A3CJVRJ34U70Y9,10
217,s3://allattrimages/court-cook-TSZo17r3m0s-unsplash.jpg,A1EGJBJBFBZJBA,6
218,s3://allattrimages/court-cook-TSZo17r3m0s-unsplash.jpg,A1FKSSZILMRAE8,7
216,s3://allattrimages/court-cook-TSZo17r3m0s-unsplash.jpg,A3R18RWCR7Q78Z,8
82,s3://allattrimages/daniel-tong-Vaznn9k5GqQ-unsplash.jpg,A3DTLM6EVD4EVV,8
81,s3://allattrimages/daniel-tong-Vaznn9k5GqQ-unsplash.jpg,A3CJVRJ34U70Y9,10
83,s3://allattrimages/daniel-tong-Vaznn9k5GqQ-unsplash.jpg,A391MABC8UZRRH,8
279,s3://allattrimages/darius-bashar-8Kfyz3FMjtE-unsplash.jpg,A3V9HAMB3TMANV,8
280,s3://allattrimages/darius-bashar-8Kfyz3FMjtE-unsplash.jpg,A391MABC8UZRRH,6
281,s3://allattrimages/darius-bashar-8Kfyz3FMjtE-unsplash.jpg,A2WZNLI23LGXBC,9
25,s3://allattrimages/david-todd-mccarty-NXlQ2PnzMGg-unsplash.jpg,A3DTLM6EVD4EVV,8
26,s3://allattrimages/david-todd-mccarty-NXlQ2PnzMGg-unsplash.jpg,A1EGJBJBFBZJBA,3
24,s3://allattrimages/david-todd-mccarty-NXlQ2PnzMGg-unsplash.jpg,A3R18RWCR7Q78Z,1
53,s3://allattrimages/dima-dallacqua-NzBr-Vy_e8M-unsplash.jpg,A3FPQGM967TJER,7
52,s3://allattrimages/dima-dallacqua-NzBr-Vy_e8M-unsplash.jpg,A1DRKZ3SCLAS4V,9
51,s3://allattrimages/dima-dallacqua-NzBr-Vy_e8M-unsplash.jpg,A3DTLM6EVD4EVV,8
16,s3://allattrimages/erik-mclean-bTCQMLjXLZQ-unsplash.jpg,A3CJVRJ34U70Y9,10
15,s3://allattrimages/erik-mclean-bTCQMLjXLZQ-unsplash.jpg,A3R18RWCR7Q78Z,1
17,s3://allattrimages/erik-mclean-bTCQMLjXLZQ-unsplash.jpg,A337LEVU0G81QU,6
100,s3://allattrimages/esteban-castle-FULkoZ989E4-unsplash.jpg,A2CQP20O9KH1TZ,2
101,s3://allattrimages/esteban-castle-FULkoZ989E4-unsplash.jpg,A3EJIP9UJIZQ9N,1
99,s3://allattrimages/esteban-castle-FULkoZ989E4-unsplash.jpg,A3DTLM6EVD4EVV,7
187,s3://allattrimages/face-3737238_1920.jpg,A1PZ6FQ0WT3ROZ,7
188,s3://allattrimages/face-3737238_1920.jpg,A391MABC8UZRRH,7
186,s3://allattrimages/face-3737238_1920.jpg,A3EJIP9UJIZQ9N,2
240,s3://allattrimages/gabriel-tovar-RDf0qh6VvQ0-unsplash.jpg,A391MABC8UZRRH,7
242,s3://allattrimages/gabriel-tovar-RDf0qh6VvQ0-unsplash.jpg,A1FKSSZILMRAE8,5
241,s3://allattrimages/gabriel-tovar-RDf0qh6VvQ0-unsplash.jpg,A337LEVU0G81QU,5
219,s3://allattrimages/gama-films-h_9KkS8c9Sw-unsplash.jpg,A3DTLM6EVD4EVV,8
220,s3://allattrimages/gama-films-h_9KkS8c9Sw-unsplash.jpg,A337LEVU0G81QU,6
221,s3://allattrimages/gama-films-h_9KkS8c9Sw-unsplash.jpg,A1FKSSZILMRAE8,7
13,s3://allattrimages/gemma-chua-tran-QaiIaCkGCtI-unsplash.jpg,A3DTLM6EVD4EVV,8
14,s3://allattrimages/gemma-chua-tran-QaiIaCkGCtI-unsplash.jpg,A3EJIP9UJIZQ9N,4
12,s3://allattrimages/gemma-chua-tran-QaiIaCkGCtI-unsplash.jpg,A2CQP20O9KH1TZ,5
230,s3://allattrimages/girl-184596_1920.jpg,A1FKSSZILMRAE8,6
229,s3://allattrimages/girl-184596_1920.jpg,A1EGJBJBFBZJBA,7
228,s3://allattrimages/girl-184596_1920.jpg,A3CJVRJ34U70Y9,8
94,s3://allattrimages/girl-4015898_1920.jpg,A3CJVRJ34U70Y9,9
95,s3://allattrimages/girl-4015898_1920.jpg,A9WGDBDXUNLOD,7
93,s3://allattrimages/girl-4015898_1920.jpg,A2CQP20O9KH1TZ,6
62,s3://allattrimages/girl-499408_1920.jpg,A2CQP20O9KH1TZ,7
61,s3://allattrimages/girl-499408_1920.jpg,A3CJVRJ34U70Y9,10
60,s3://allattrimages/girl-499408_1920.jpg,A3DTLM6EVD4EVV,9
131,s3://allattrimages/guy-1079623_1920.jpg,A3EJIP9UJIZQ9N,7
130,s3://allattrimages/guy-1079623_1920.jpg,A2XD5QTL6H2LIY,5
129,s3://allattrimages/guy-1079623_1920.jpg,A2CQP20O9KH1TZ,2
157,s3://allattrimages/guy-3608788_1920.jpg,A3CJVRJ34U70Y9,9
158,s3://allattrimages/guy-3608788_1920.jpg,A3DTLM6EVD4EVV,9
156,s3://allattrimages/guy-3608788_1920.jpg,A9WGDBDXUNLOD,9
273,s3://allattrimages/guy10.jpg,A9WGDBDXUNLOD,6
274,s3://allattrimages/guy10.jpg,A391MABC8UZRRH,8
275,s3://allattrimages/guy10.jpg,A2WZNLI23LGXBC,4
4,s3://allattrimages/hamburg-1399966_1920.jpg,A9WGDBDXUNLOD,3
3,s3://allattrimages/hamburg-1399966_1920.jpg,A2CQP20O9KH1TZ,1
5,s3://allattrimages/hamburg-1399966_1920.jpg,A3CJVRJ34U70Y9,7
263,s3://allattrimages/harps-joseph-tAvpDE7fXgY-unsplash.jpg,A3HEU0K9QDTEYI,4
261,s3://allattrimages/harps-joseph-tAvpDE7fXgY-unsplash.jpg,A3EJIP9UJIZQ9N,4
262,s3://allattrimages/harps-joseph-tAvpDE7fXgY-unsplash.jpg,A391MABC8UZRRH,5
63,s3://allattrimages/head-shots-1544781_1920.jpg,A3DTLM6EVD4EVV,8
64,s3://allattrimages/head-shots-1544781_1920.jpg,A3EJIP9UJIZQ9N,5
65,s3://allattrimages/head-shots-1544781_1920.jpg,A1Z8TF04ZG3VRE,1
110,s3://allattrimages/houcine-ncib-JInbeCEqTbs-unsplash.jpg,A3EJIP9UJIZQ9N,7
109,s3://allattrimages/houcine-ncib-JInbeCEqTbs-unsplash.jpg,A9WGDBDXUNLOD,7
108,s3://allattrimages/houcine-ncib-JInbeCEqTbs-unsplash.jpg,A391MABC8UZRRH,8
147,s3://allattrimages/itay-verchik-6ZKGBzrDd3I-unsplash.jpg,A3EJIP9UJIZQ9N,4
149,s3://allattrimages/itay-verchik-6ZKGBzrDd3I-unsplash.jpg,A3V9HAMB3TMANV,5
148,s3://allattrimages/itay-verchik-6ZKGBzrDd3I-unsplash.jpg,A391MABC8UZRRH,8
23,s3://allattrimages/jaizer-capangpangan-04SoDoueyF8-unsplash.jpg,A3EJIP9UJIZQ9N,6
22,s3://allattrimages/jaizer-capangpangan-04SoDoueyF8-unsplash.jpg,A391MABC8UZRRH,7
21,s3://allattrimages/jaizer-capangpangan-04SoDoueyF8-unsplash.jpg,A2CQP20O9KH1TZ,7
170,s3://allattrimages/jesse-schoff-ibII8H5Ad4c-unsplash.jpg,A3FPQGM967TJER,7
168,s3://allattrimages/jesse-schoff-ibII8H5Ad4c-unsplash.jpg,A2XD5QTL6H2LIY,6
169,s3://allattrimages/jesse-schoff-ibII8H5Ad4c-unsplash.jpg,A1DRKZ3SCLAS4V,9
118,s3://allattrimages/jonathan-farber-QaAZ82Kspck-unsplash.jpg,A1RUQQGXCZ5K0Z,5
117,s3://allattrimages/jonathan-farber-QaAZ82Kspck-unsplash.jpg,A3EJIP9UJIZQ9N,8
119,s3://allattrimages/jonathan-farber-QaAZ82Kspck-unsplash.jpg,A391MABC8UZRRH,6
57,s3://allattrimages/joseph-kellner-TFR1yggdvq8-unsplash.jpg,A2XD5QTL6H2LIY,8
59,s3://allattrimages/joseph-kellner-TFR1yggdvq8-unsplash.jpg,A3EJIP9UJIZQ9N,8
58,s3://allattrimages/joseph-kellner-TFR1yggdvq8-unsplash.jpg,A3DTLM6EVD4EVV,8
164,s3://allattrimages/karsten-winegeart-hS8kY12h3is-unsplash.jpg,A337LEVU0G81QU,6
163,s3://allattrimages/karsten-winegeart-hS8kY12h3is-unsplash.jpg,A2R25RH05K0B68,7
162,s3://allattrimages/karsten-winegeart-hS8kY12h3is-unsplash.jpg,A3DTLM6EVD4EVV,8
225,s3://allattrimages/karsten-winegeart-uvMNz3ZS8J0-unsplash.jpg,A3DTLM6EVD4EVV,2
226,s3://allattrimages/karsten-winegeart-uvMNz3ZS8J0-unsplash.jpg,A391MABC8UZRRH,5
227,s3://allattrimages/karsten-winegeart-uvMNz3ZS8J0-unsplash.jpg,AR6MC5TT8YDLY,8
70,s3://allattrimages/keitravis-squire-0YgjYyptKlU-unsplash.jpg,A391MABC8UZRRH,5
71,s3://allattrimages/keitravis-squire-0YgjYyptKlU-unsplash.jpg,A9WGDBDXUNLOD,3
69,s3://allattrimages/keitravis-squire-0YgjYyptKlU-unsplash.jpg,A3DTLM6EVD4EVV,7
212,s3://allattrimages/kenzie-kraft-OIrGE60UwAY-unsplash.jpg,A391MABC8UZRRH,8
210,s3://allattrimages/kenzie-kraft-OIrGE60UwAY-unsplash.jpg,A3V9HAMB3TMANV,10
211,s3://allattrimages/kenzie-kraft-OIrGE60UwAY-unsplash.jpg,A1DRKZ3SCLAS4V,9
20,s3://allattrimages/lisa-wall-K80QIp2VW0E-unsplash.jpg,A9WGDBDXUNLOD,8
19,s3://allattrimages/lisa-wall-K80QIp2VW0E-unsplash.jpg,A1EGJBJBFBZJBA,7
18,s3://allattrimages/lisa-wall-K80QIp2VW0E-unsplash.jpg,A3CJVRJ34U70Y9,10
128,s3://allattrimages/luca-pellegrini-pRopJ47ilxg-unsplash.jpg,A391MABC8UZRRH,5
127,s3://allattrimages/luca-pellegrini-pRopJ47ilxg-unsplash.jpg,A3DTLM6EVD4EVV,1
126,s3://allattrimages/luca-pellegrini-pRopJ47ilxg-unsplash.jpg,A3CJVRJ34U70Y9,7
0,s3://allattrimages/lumber-1281323_1920.jpg,A391MABC8UZRRH,7
1,s3://allattrimages/lumber-1281323_1920.jpg,A2XD5QTL6H2LIY,5
2,s3://allattrimages/lumber-1281323_1920.jpg,A1DRKZ3SCLAS4V,9
176,s3://allattrimages/male-4948673_1920.jpg,A391MABC8UZRRH,5
175,s3://allattrimages/male-4948673_1920.jpg,A2CQP20O9KH1TZ,2
174,s3://allattrimages/male-4948673_1920.jpg,A3DTLM6EVD4EVV,9
30,s3://allattrimages/man-2482464_1920.jpg,A3DTLM6EVD4EVV,10
31,s3://allattrimages/man-2482464_1920.jpg,A3V9HAMB3TMANV,5
32,s3://allattrimages/man-2482464_1920.jpg,A3CJVRJ34U70Y9,10
234,s3://allattrimages/man-2590836_1920.jpg,A391MABC8UZRRH,5
236,s3://allattrimages/man-2590836_1920.jpg,A2WZNLI23LGXBC,5
235,s3://allattrimages/man-2590836_1920.jpg,A2CQP20O9KH1TZ,4
200,s3://allattrimages/man-3485138_1920.jpg,A391MABC8UZRRH,5
199,s3://allattrimages/man-3485138_1920.jpg,A1EGJBJBFBZJBA,9
198,s3://allattrimages/man-3485138_1920.jpg,A2XD5QTL6H2LIY,6
35,s3://allattrimages/man-4123268_1920.jpg,A2XD5QTL6H2LIY,7
33,s3://allattrimages/man-4123268_1920.jpg,A3EJIP9UJIZQ9N,7
34,s3://allattrimages/man-4123268_1920.jpg,A3CJVRJ34U70Y9,9
145,s3://allattrimages/manny-moreno-Ri_Al1VqjsU-unsplash.jpg,A2CQP20O9KH1TZ,7
144,s3://allattrimages/manny-moreno-Ri_Al1VqjsU-unsplash.jpg,A391MABC8UZRRH,8
146,s3://allattrimages/manny-moreno-Ri_Al1VqjsU-unsplash.jpg,A337LEVU0G81QU,7
36,s3://allattrimages/matteo-minoglio-jjveuyKSv0g-unsplash.jpg,A3DTLM6EVD4EVV,7
38,s3://allattrimages/matteo-minoglio-jjveuyKSv0g-unsplash.jpg,A3CJVRJ34U70Y9,9
37,s3://allattrimages/matteo-minoglio-jjveuyKSv0g-unsplash.jpg,A1RUQQGXCZ5K0Z,8
215,s3://allattrimages/metin-ozer-2jLCmcuwAc8-unsplash.jpg,A3HPU3DM5180VC,5
214,s3://allattrimages/metin-ozer-2jLCmcuwAc8-unsplash.jpg,A3V9HAMB3TMANV,7
213,s3://allattrimages/metin-ozer-2jLCmcuwAc8-unsplash.jpg,A3CJVRJ34U70Y9,6
120,s3://allattrimages/michael-burciaga-nPLOGnW9MWY-unsplash.jpg,A3EJIP9UJIZQ9N,6
122,s3://allattrimages/michael-burciaga-nPLOGnW9MWY-unsplash.jpg,A1EGJBJBFBZJBA,8
121,s3://allattrimages/michael-burciaga-nPLOGnW9MWY-unsplash.jpg,A9WGDBDXUNLOD,7
155,s3://allattrimages/michael-mims-fWWiaDox0BU-unsplash.jpg,A3DTLM6EVD4EVV,3
154,s3://allattrimages/michael-mims-fWWiaDox0BU-unsplash.jpg,A2CQP20O9KH1TZ,4
153,s3://allattrimages/michael-mims-fWWiaDox0BU-unsplash.jpg,A3EJIP9UJIZQ9N,7
233,s3://allattrimages/mihai-stefan-0_G9UHXy39c-unsplash.jpg,A1FKSSZILMRAE8,10
232,s3://allattrimages/mihai-stefan-0_G9UHXy39c-unsplash.jpg,A1Z8TF04ZG3VRE,10
231,s3://allattrimages/mihai-stefan-0_G9UHXy39c-unsplash.jpg,A2CQP20O9KH1TZ,5
86,s3://allattrimages/mike-austin-jgSAuqMmJUE-unsplash.jpg,A1RUQQGXCZ5K0Z,8
85,s3://allattrimages/mike-austin-jgSAuqMmJUE-unsplash.jpg,A1DRKZ3SCLAS4V,10
84,s3://allattrimages/mike-austin-jgSAuqMmJUE-unsplash.jpg,A3DTLM6EVD4EVV,9
196,s3://allattrimages/misael-silvera-5CSRi249CQk-unsplash.jpg,A3CJVRJ34U70Y9,9
197,s3://allattrimages/misael-silvera-5CSRi249CQk-unsplash.jpg,A391MABC8UZRRH,7
195,s3://allattrimages/misael-silvera-5CSRi249CQk-unsplash.jpg,A1TGZ063G5UKEC,4
252,s3://allattrimages/mitchell-luo-Mp8ZXtgR_Lg-unsplash.jpg,A3R18RWCR7Q78Z,1
253,s3://allattrimages/mitchell-luo-Mp8ZXtgR_Lg-unsplash.jpg,A1DRKZ3SCLAS4V,9
254,s3://allattrimages/mitchell-luo-Mp8ZXtgR_Lg-unsplash.jpg,A3HEU0K9QDTEYI,5
50,s3://allattrimages/morgan-vander-hart-GVB-E8mr4Xk-unsplash.jpg,A3R18RWCR7Q78Z,1
49,s3://allattrimages/morgan-vander-hart-GVB-E8mr4Xk-unsplash.jpg,A3EJIP9UJIZQ9N,2
48,s3://allattrimages/morgan-vander-hart-GVB-E8mr4Xk-unsplash.jpg,A3CJVRJ34U70Y9,7
282,s3://allattrimages/naeim-jafari-mW3145wbwlw-unsplash.jpg,A2CQP20O9KH1TZ,7
284,s3://allattrimages/naeim-jafari-mW3145wbwlw-unsplash.jpg,A2WZNLI23LGXBC,8
283,s3://allattrimages/naeim-jafari-mW3145wbwlw-unsplash.jpg,A3DTLM6EVD4EVV,10
72,s3://allattrimages/naim-ahmed-8BcVHmAHtlw-unsplash.jpg,A2CQP20O9KH1TZ,7
73,s3://allattrimages/naim-ahmed-8BcVHmAHtlw-unsplash.jpg,A3V9HAMB3TMANV,8
74,s3://allattrimages/naim-ahmed-8BcVHmAHtlw-unsplash.jpg,A3CJVRJ34U70Y9,9
42,s3://allattrimages/nith-in-w1N1WmLDyHU-unsplash.jpg,A3DTLM6EVD4EVV,9
43,s3://allattrimages/nith-in-w1N1WmLDyHU-unsplash.jpg,A3CJVRJ34U70Y9,9
44,s3://allattrimages/nith-in-w1N1WmLDyHU-unsplash.jpg,A1DRKZ3SCLAS4V,9
80,s3://allattrimages/oladimeji-odunsi-aU_eOcelLhQ-unsplash.jpg,A3EJIP9UJIZQ9N,1
78,s3://allattrimages/oladimeji-odunsi-aU_eOcelLhQ-unsplash.jpg,A3CJVRJ34U70Y9,6
79,s3://allattrimages/oladimeji-odunsi-aU_eOcelLhQ-unsplash.jpg,A1EGJBJBFBZJBA,1
257,s3://allattrimages/omar-lopez-auEe5lKHZCw-unsplash.jpg,A3HEU0K9QDTEYI,8
255,s3://allattrimages/omar-lopez-auEe5lKHZCw-unsplash.jpg,A3CJVRJ34U70Y9,10
256,s3://allattrimages/omar-lopez-auEe5lKHZCw-unsplash.jpg,A1EGJBJBFBZJBA,9
260,s3://allattrimages/outdoors-3341719_1920.jpg,A3HEU0K9QDTEYI,5
259,s3://allattrimages/outdoors-3341719_1920.jpg,A3FPQGM967TJER,7
258,s3://allattrimages/outdoors-3341719_1920.jpg,A3DTLM6EVD4EVV,9
56,s3://allattrimages/people-3057299_1920.jpg,A3CJVRJ34U70Y9,9
54,s3://allattrimages/people-3057299_1920.jpg,A3EJIP9UJIZQ9N,6
55,s3://allattrimages/people-3057299_1920.jpg,A3DTLM6EVD4EVV,9
264,s3://allattrimages/people-3332333_1920.jpg,A391MABC8UZRRH,7
265,s3://allattrimages/people-3332333_1920.jpg,A3CJVRJ34U70Y9,9
266,s3://allattrimages/people-3332333_1920.jpg,A3HEU0K9QDTEYI,2
140,s3://allattrimages/portrait-2529904_1920.jpg,A3V9HAMB3TMANV,3
138,s3://allattrimages/portrait-2529904_1920.jpg,A3R18RWCR7Q78Z,1
139,s3://allattrimages/portrait-2529904_1920.jpg,A3CJVRJ34U70Y9,8
142,s3://allattrimages/portrait-3083402_1920.jpg,A2XD5QTL6H2LIY,8
141,s3://allattrimages/portrait-3083402_1920.jpg,A3EJIP9UJIZQ9N,9
143,s3://allattrimages/portrait-3083402_1920.jpg,A391MABC8UZRRH,8
223,s3://allattrimages/portrait-4137472_1920.jpg,A3EJIP9UJIZQ9N,8
224,s3://allattrimages/portrait-4137472_1920.jpg,A3HPU3DM5180VC,8
222,s3://allattrimages/portrait-4137472_1920.jpg,A3DTLM6EVD4EVV,7
171,s3://allattrimages/portrait-750780_1920.jpg,A3DTLM6EVD4EVV,7
172,s3://allattrimages/portrait-750780_1920.jpg,A3EJIP9UJIZQ9N,7
173,s3://allattrimages/portrait-750780_1920.jpg,A391MABC8UZRRH,7
203,s3://allattrimages/refugee-1226610_1920.jpg,A391MABC8UZRRH,8
202,s3://allattrimages/refugee-1226610_1920.jpg,A2XD5QTL6H2LIY,6
201,s3://allattrimages/refugee-1226610_1920.jpg,A9WGDBDXUNLOD,7
194,s3://allattrimages/reza-biazar-eSjmZW97cH8-unsplash.jpg,A391MABC8UZRRH,7
193,s3://allattrimages/reza-biazar-eSjmZW97cH8-unsplash.jpg,A3DTLM6EVD4EVV,9
192,s3://allattrimages/reza-biazar-eSjmZW97cH8-unsplash.jpg,A3R18RWCR7Q78Z,1
89,s3://allattrimages/roman-holoschchuk-I2SU6dCGsnI-unsplash.jpg,A3FPQGM967TJER,7
88,s3://allattrimages/roman-holoschchuk-I2SU6dCGsnI-unsplash.jpg,A3EJIP9UJIZQ9N,6
87,s3://allattrimages/roman-holoschchuk-I2SU6dCGsnI-unsplash.jpg,A3DTLM6EVD4EVV,8
189,s3://allattrimages/ryan-porter-XW1HtPgi1G4-unsplash.jpg,A3DTLM6EVD4EVV,8
190,s3://allattrimages/ryan-porter-XW1HtPgi1G4-unsplash.jpg,A9WGDBDXUNLOD,2
191,s3://allattrimages/ryan-porter-XW1HtPgi1G4-unsplash.jpg,A391MABC8UZRRH,6
248,s3://allattrimages/sharon-mccutcheon-W2hSpLh5caQ-unsplash.jpg,A3HEU0K9QDTEYI,3
246,s3://allattrimages/sharon-mccutcheon-W2hSpLh5caQ-unsplash.jpg,A3CJVRJ34U70Y9,10
247,s3://allattrimages/sharon-mccutcheon-W2hSpLh5caQ-unsplash.jpg,A391MABC8UZRRH,6
106,s3://allattrimages/shoaeb-hameed-kEfO2edX4Gg-unsplash.jpg,A3R18RWCR7Q78Z,1
105,s3://allattrimages/shoaeb-hameed-kEfO2edX4Gg-unsplash.jpg,A2CQP20O9KH1TZ,3
107,s3://allattrimages/shoaeb-hameed-kEfO2edX4Gg-unsplash.jpg,A391MABC8UZRRH,5
134,s3://allattrimages/shotlist-7sPYFUKOK_8-unsplash.jpg,A2CQP20O9KH1TZ,6
132,s3://allattrimages/shotlist-7sPYFUKOK_8-unsplash.jpg,A3CJVRJ34U70Y9,10
133,s3://allattrimages/shotlist-7sPYFUKOK_8-unsplash.jpg,A2XD5QTL6H2LIY,7
6,s3://allattrimages/siavosh-hosseini-XIDBMAAHGpQ-unsplash.jpg,A3DTLM6EVD4EVV,6
7,s3://allattrimages/siavosh-hosseini-XIDBMAAHGpQ-unsplash.jpg,A2XD5QTL6H2LIY,4
8,s3://allattrimages/siavosh-hosseini-XIDBMAAHGpQ-unsplash.jpg,A391MABC8UZRRH,7
45,s3://allattrimages/sofia-kuniakina-GeAqNAWZ1d0-unsplash.jpg,A3CJVRJ34U70Y9,9
46,s3://allattrimages/sofia-kuniakina-GeAqNAWZ1d0-unsplash.jpg,A1DRKZ3SCLAS4V,8
47,s3://allattrimages/sofia-kuniakina-GeAqNAWZ1d0-unsplash.jpg,A2CQP20O9KH1TZ,4
111,s3://allattrimages/soroush-karimi-Zwa7DtcYUb0-unsplash.jpg,A3CJVRJ34U70Y9,9
112,s3://allattrimages/soroush-karimi-Zwa7DtcYUb0-unsplash.jpg,A391MABC8UZRRH,9
113,s3://allattrimages/soroush-karimi-Zwa7DtcYUb0-unsplash.jpg,A3DTLM6EVD4EVV,7
277,s3://allattrimages/steady-hand-co-sdSnS1WF7C8-unsplash.jpg,A337LEVU0G81QU,5
278,s3://allattrimages/steady-hand-co-sdSnS1WF7C8-unsplash.jpg,A2WZNLI23LGXBC,10
276,s3://allattrimages/steady-hand-co-sdSnS1WF7C8-unsplash.jpg,A3CJVRJ34U70Y9,10
115,s3://allattrimages/tanya-trofymchuk-gCKYhaa4b2E-unsplash.jpg,A3R18RWCR7Q78Z,9
114,s3://allattrimages/tanya-trofymchuk-gCKYhaa4b2E-unsplash.jpg,A391MABC8UZRRH,5
116,s3://allattrimages/tanya-trofymchuk-gCKYhaa4b2E-unsplash.jpg,A3DTLM6EVD4EVV,8
91,s3://allattrimages/toa-heftiba-2O1EUSTRBrY-unsplash.jpg,A3EJIP9UJIZQ9N,7
90,s3://allattrimages/toa-heftiba-2O1EUSTRBrY-unsplash.jpg,A3DTLM6EVD4EVV,3
92,s3://allattrimages/toa-heftiba-2O1EUSTRBrY-unsplash.jpg,A3V9HAMB3TMANV,2
96,s3://allattrimages/valdemars-magone-8ACtYtJ5G-E-unsplash(1).jpg,A3DTLM6EVD4EVV,6
97,s3://allattrimages/valdemars-magone-8ACtYtJ5G-E-unsplash(1).jpg,A3CJVRJ34U70Y9,9
98,s3://allattrimages/valdemars-magone-8ACtYtJ5G-E-unsplash(1).jpg,A1EGJBJBFBZJBA,5
152,s3://allattrimages/wilfried-vowoto-QlRYZr7CNxg-unsplash.jpg,A3R18RWCR7Q78Z,1
150,s3://allattrimages/wilfried-vowoto-QlRYZr7CNxg-unsplash.jpg,A391MABC8UZRRH,7
151,s3://allattrimages/wilfried-vowoto-QlRYZr7CNxg-unsplash.jpg,A3DTLM6EVD4EVV,8
271,s3://allattrimages/woman-3182019_1920.jpg,A391MABC8UZRRH,8
270,s3://allattrimages/woman-3182019_1920.jpg,A3R18RWCR7Q78Z,9
272,s3://allattrimages/woman-3182019_1920.jpg,A3HEU0K9QDTEYI,9
41,s3://allattrimages/young-man-1990618_1920.jpg,A1EGJBJBFBZJBA,8
40,s3://allattrimages/young-man-1990618_1920.jpg,A391MABC8UZRRH,6
39,s3://allattrimages/young-man-1990618_1920.jpg,A1BZLPYW3YGUWZ,6
239,s3://allattrimages/young-man-4971459_1920.jpg,A2WZNLI23LGXBC,7
238,s3://allattrimages/young-man-4971459_1920.jpg,A3EJIP9UJIZQ9N,9
237,s3://allattrimages/young-man-4971459_1920.jpg,A3CJVRJ34U70Y9,10
